Category,Resume
Data Science,"Experienced data scientist with expertise in Python, R, machine learning, deep learning, TensorFlow, PyTorch. Built recommendation systems and NLP pipelines. Skills: pandas, scikit-learn, SQL, Tableau, AWS SageMaker, statistical modeling, A/B testing."
Data Science,"PhD in Statistics with 4 years experience in predictive analytics. Proficient in Python, R, Spark. Developed customer churn models achieving 92% accuracy. Published 3 papers on neural network architectures."
Web Development,"Full stack developer with 5 years experience in React, Node.js, Express, MongoDB. Built scalable REST APIs serving 1M+ users. Proficient in HTML5, CSS3, JavaScript, TypeScript, Docker, AWS."
Web Development,"Front-end developer specializing in Vue.js and Angular. Experience with responsive design, PWA, GraphQL. Strong understanding of UI/UX principles, accessibility standards, and performance optimization."
HR,"Human Resources Manager with 8 years experience in talent acquisition, employee relations, performance management. Skilled in HRIS systems, ADP, Workday. Managed teams of 50+ employees."
HR,"Recruitment specialist with expertise in sourcing, screening, and interviewing candidates. Experience with ATS systems, LinkedIn Recruiter, employer branding. Reduced time-to-hire by 40%."
Finance,"Financial analyst with CFA Level 2 certification. Experience in financial modeling, valuation, M&A analysis. Proficient in Excel, Bloomberg Terminal, Python for quantitative finance."
Finance,"Accountant with CPA license and 6 years experience in auditing, tax preparation, financial reporting. Skilled in QuickBooks, SAP, GAAP compliance, budgeting and forecasting."
Java Developer,"Senior Java developer with 7 years experience in Spring Boot, Hibernate, Microservices architecture. Built enterprise applications handling 500K daily transactions. AWS certified."
Java Developer,"Java full stack developer experienced in J2EE, Spring MVC, REST APIs, MySQL, MongoDB. Knowledge of design patterns, SOLID principles, CI/CD with Jenkins and Docker."
Network Security,"Cybersecurity analyst with CISSP certification. Experience in penetration testing, vulnerability assessment, SIEM tools, firewall management. Incident response and threat hunting expertise."
Network Security,"Information security engineer skilled in network security, IDS/IPS, encryption protocols. Experience with Splunk, Wireshark, Metasploit. Conducted security audits for Fortune 500 companies."
Testing,"QA Engineer with 5 years experience in manual and automated testing. Proficient in Selenium, JUnit, TestNG, Cucumber. Experience with Agile/Scrum methodologies, JIRA, bug tracking."
Testing,"Software tester experienced in API testing with Postman, performance testing with JMeter, mobile testing. Strong knowledge of test case design, regression testing, and CI/CD integration."
DevOps,"DevOps engineer with expertise in AWS, Docker, Kubernetes, Terraform, Jenkins. Implemented CI/CD pipelines reducing deployment time by 60%. Experience with monitoring tools like Prometheus and Grafana."
DevOps,"Cloud infrastructure engineer skilled in Azure, GCP, Ansible, Chef. Managed microservices architecture with 99.9% uptime. Strong scripting skills in Bash and Python."
Database,"Database administrator with 6 years experience in Oracle, MySQL, PostgreSQL. Performance tuning, backup and recovery, high availability solutions. Experience with cloud databases RDS and Aurora."
Database,"Data engineer skilled in ETL pipelines, Apache Spark, Kafka, Airflow. Designed data warehouses using Snowflake and Redshift. Proficient in SQL optimization and data modeling."
Python Developer,"Python developer with expertise in Django, Flask, FastAPI. Built RESTful APIs and microservices. Experience with celery, Redis, PostgreSQL, Docker. Strong testing with pytest."
Python Developer,"Python backend developer experienced in web scraping, automation, data pipelines. Proficient in asyncio, SQLAlchemy, AWS Lambda. Contributed to open source projects with 500+ GitHub stars."
Mechanical Engineer,"Mechanical engineer with 5 years experience in CAD/CAM, SolidWorks, AutoCAD. Designed automotive components reducing manufacturing costs by 15%. Experience in FEA analysis and 3D printing."
Mechanical Engineer,"Manufacturing engineer skilled in lean manufacturing, Six Sigma Green Belt. Experience in CNC machining, quality control, supply chain optimization. Managed production lines with 98% efficiency."
Sales,"Sales manager with 10 years B2B experience. Achieved 150% of quota consistently. Skilled in CRM tools, Salesforce, HubSpot. Built and managed teams of 15+ sales representatives."
Sales,"Business development executive with expertise in lead generation, cold calling, negotiation. Experience in SaaS sales, account management. Grew territory revenue by $2M annually."
Health and Fitness,"Certified personal trainer with NASM and ACE certifications. Experience in fitness program design, nutrition counseling, group fitness instruction. Managed wellness programs for corporate clients."
Health and Fitness,"Physical therapist with doctorate degree. Specializing in sports rehabilitation, orthopedic therapy. Experience with EMR systems, patient assessment, treatment planning."
Civil Engineer,"Civil engineer with PE license. Experience in structural design, project management, AutoCAD Civil 3D. Managed $10M infrastructure projects. Proficient in construction management and site supervision."
Civil Engineer,"Structural engineer with expertise in seismic design, concrete and steel structures. Experience with ETABS, SAP2000, Revit. Published research on earthquake-resistant building design."
Advocate,"Practicing attorney with 8 years experience in corporate law, contract negotiation, litigation. Admitted to the bar in multiple states. Experience with legal research, Westlaw, LexisNexis."
Advocate,"Legal counsel specializing in intellectual property, patent law, trademark registration. Experience in tech industry legal compliance, GDPR, data privacy regulations."
Business Analyst,"Business analyst with experience in requirements gathering, process mapping, stakeholder management. Proficient in SQL, Tableau, JIRA, Confluence. Agile certified Scrum Master."
Business Analyst,"Senior BA with expertise in data analysis, gap analysis, user story writing. Experience in banking and insurance domains. Skilled in Visio, Power BI, advanced Excel."
Automation Testing,"Automation test engineer with expertise in Selenium WebDriver, Appium, Robot Framework. Built test frameworks reducing manual testing effort by 70%. Experience with BDD and TDD methodologies."
Automation Testing,"SDET with experience in Java-based test automation, REST API testing, CI/CD integration. Proficient in Maven, Git, Docker. Built comprehensive regression test suites."
Electrical Engineering,"Electrical engineer with experience in power systems, circuit design, PLC programming. Proficient in MATLAB, Simulink, LabVIEW. Designed control systems for industrial automation."
Electrical Engineering,"Electronics engineer specializing in embedded systems, IoT, PCB design. Experience with Arduino, Raspberry Pi, FPGA. Developed smart home automation products."
Operations Manager,"Operations manager with 10 years experience in supply chain, logistics, inventory management. Lean Six Sigma Black Belt. Reduced operational costs by 25% through process optimization."
Operations Manager,"Program manager skilled in cross-functional team leadership, budget management, vendor relations. Experience with ERP systems, SAP, Oracle. Managed programs with $50M+ budgets."
Arts,"Graphic designer with 6 years experience in Adobe Creative Suite, Figma, Sketch. Created brand identities for 50+ clients. Experience in UI design, illustration, and motion graphics."
Arts,"Creative director with expertise in visual storytelling, brand strategy, art direction. Managed creative teams of 10+. Portfolio includes campaigns for Fortune 500 companies."
Blockchain,"Blockchain developer with experience in Solidity, Ethereum, smart contracts. Built DeFi protocols and NFT marketplaces. Knowledge of Web3.js, Truffle, Hardhat, IPFS."
Blockchain,"Cryptocurrency analyst with expertise in tokenomics, DeFi analysis, blockchain architecture. Experience with Hyperledger, Polkadot, cross-chain protocols."
Cloud,"AWS Solutions Architect certified. Experience in cloud migration, serverless architecture, Lambda, S3, EC2. Designed multi-region high-availability systems with 99.99% uptime."
Cloud,"Cloud engineer with expertise in multi-cloud environments (AWS, Azure, GCP). Experience with Terraform, CloudFormation, cost optimization. Managed cloud budgets of $500K+/month."
